,Field,Count,Statement
1,LiabilitiesAndStockholdersEquity,37,Balance
2,StockholdersEquity,36,Balance
3,Assets,36,Balance
4,PropertyPlantAndEquipmentNet,35,Balance
5,CashAndCashEquivalentsAtCarryingValue,34,Balance
6,CommonStockValue,33,Balance
7,RetainedEarningsAccumulatedDeficit,33,Balance
8,AccumulatedOtherComprehensiveIncomeLossNetOfTax,32,Balance
9,AssetsCurrent,31,Balance
10,LiabilitiesCurrent,31,Balance
11,OtherAssetsNoncurrent,30,Balance
12,Goodwill,28,Balance
13,AccountsPayableCurrent,26,Balance
14,OtherLiabilitiesNoncurrent,24,Balance
15,Liabilities,24,Balance
16,AccountsReceivableNetCurrent,23,Balance
17,StockholdersEquityIncludingPortionAttributableToNoncontrollingInterest,21,Balance
18,TreasuryStockValue,20,Balance
19,MinorityInterest,19,Balance
20,InventoryNet,18,Balance
21,LongTermDebtNoncurrent,18,Balance
22,IntangibleAssetsNetExcludingGoodwill,18,Balance
23,AdditionalPaidInCapitalCommonStock,17,Balance
24,OtherAssetsCurrent,16,Balance
25,PreferredStockValue,15,Balance
26,OtherLiabilitiesCurrent,13,Balance
27,AccruedLiabilitiesCurrent,13,Balance
28,EmployeeRelatedLiabilitiesCurrent,12,Balance
29,AdditionalPaidInCapital,12,Balance
30,DeferredTaxAssetsNetCurrent,12,Balance
31,DeferredTaxLiabilitiesNoncurrent,10,Balance
32,DeferredRevenueCurrent,9,Balance
33,AccruedIncomeTaxesCurrent,9,Balance
34,DeferredTaxAssetsNetNoncurrent,8,Balance
35,ShortTermBorrowings,8,Balance
36,DebtCurrent,7,Balance
37,ReceivablesNetCurrent,7,Balance
38,PrepaidExpenseAndOtherAssetsCurrent,7,Balance
39,PensionAndOtherPostretirementDefinedBenefitPlansLiabilitiesNoncurrent,6,Balance
40,LongTermDebtCurrent,6,Balance
41,PrepaidExpenseCurrent,5,Balance
42,AvailableForSaleSecuritiesCurrent,5,Balance
43,PropertyPlantAndEquipmentGross,5,Balance
44,LiabilitiesNoncurrent,4,Balance
45,OtherAccruedLiabilitiesCurrent,4,Balance
46,AccumulatedDepreciationDepletionAndAmortizationPropertyPlantAndEquipment,4,Balance
47,OtherAssets,4,Balance
48,OtherLiabilities,4,Balance
49,LongTermDebtAndCapitalLeaseObligations,4,Balance
50,LongTermInvestments,4,Balance
51,ShortTermInvestments,3,Balance
52,DeferredRevenueNoncurrent,3,Balance
53,AccountsPayableAndAccruedLiabilitiesCurrent,3,Balance
54,OtherReceivables,3,Balance
55,FiniteLivedIntangibleAssetsNet,3,Balance
56,TaxesPayableCurrent,3,Balance
57,AvailableForSaleSecurities,3,Balance
58,LoansAndLeasesReceivableNetReportedAmount,3,Balance
59,InventoryRawMaterialsAndSupplies,2,Balance
60,SeniorLongTermNotes,2,Balance
61,AssetsNoncurrent,2,Balance
62,RestrictedCashAndCashEquivalentsNoncurrent,2,Balance
63,UnsecuredDebt,2,Balance
64,PreferredStockValueOutstanding,2,Balance
65,AssetRetirementObligationsNoncurrent,2,Balance
66,MarketableSecuritiesCurrent,2,Balance
67,LineOfCredit,2,Balance
68,AvailableForSaleSecuritiesDebtSecuritiesNoncurrent,2,Balance
69,RealEstateInvestmentPropertyAccumulatedDepreciation,2,Balance
70,CustomerDepositsCurrent,2,Balance
71,AccruedIncomeTaxesNoncurrent,2,Balance
72,AccumulatedOtherComprehensiveIncomeLossForeignCurrencyTranslationAdjustmentNetOfTax,2,Balance
73,AvailableForSaleSecuritiesDebtSecuritiesCurrent,2,Balance
74,AccumulatedOtherComprehensiveIncomeLossDefinedBenefitPensionAndOtherPostretirementPlansNetOfTax,2,Balance
75,InvestmentsInAffiliatesSubsidiariesAssociatesAndJointVentures,2,Balance
76,RestrictedCashAndCashEquivalentsAtCarryingValue,2,Balance
77,DefinedBenefitPlanAssetsForPlanBenefitsNoncurrent,2,Balance
78,Deposits,2,Balance
79,InvestmentBuildingAndBuildingImprovements,2,Balance
80,RealEstateInvestmentPropertyNet,2,Balance
81,AccountsReceivableNet,2,Balance
82,AccountsPayableAndAccruedLiabilitiesCurrentAndNoncurrent,2,Balance
83,RestrictedCashAndCashEquivalents,2,Balance
84,ShortTermBankLoansAndNotesPayable,2,Balance
85,SecuredDebt,2,Balance
86,RegulatoryLiabilityNoncurrent,2,Balance
87,Land,2,Balance
88,CapitalLeaseObligationsNoncurrent,2,Balance
89,AccumulatedOtherComprehensiveIncomeLossAvailableForSaleSecuritiesAdjustmentNetOfTax,2,Balance
90,DerivativeAssetsCurrent,2,Balance
91,LiabilityForFuturePolicyBenefits,2,Balance
92,AccumulatedOtherComprehensiveIncomeLossCumulativeChangesInNetGainLossFromCashFlowHedgesEffectNetOfTax,2,Balance
93,RegulatoryAssetsNoncurrent,2,Balance
94,NonUtilityPropertyNet,1,Balance
95,DevelopmentInProcess,1,Balance
96,AssetsOfDisposalGroupIncludingDiscontinuedOperationCurrent,1,Balance
97,AccruedContributionsToEmployeesProfitSharingPlans,1,Balance
98,OtherPostretirementDefinedBenefitPlanLiabilitiesNoncurrent,1,Balance
99,TotalRealEstateNet,1,Balance
100,BuildingsAndImprovementsGross,1,Balance
101,PropertySubjectToOrAvailableForOperatingLeaseNet,1,Balance
102,NoncontrollingInterestMezzanineEquity,1,Balance
103,LiabilityForClaimsAndClaimsAdjustmentExpense,1,Balance
104,FixturesAndEquipmentGross,1,Balance
105,FurnitureFixturesMachineryAndEquipment,1,Balance
106,FundsPayableAndAmountsDueToCustomers,1,Balance
107,TimeDepositsNoncurrent,1,Balance
108,AccumulatedDistributionsInExcessOfNetIncome,1,Balance
109,CommercialPaper,1,Balance
110,CapitalizedComputerSoftwareNet,1,Balance
111,OilAndGasPropertySuccessfulEffortMethodGross,1,Balance
112,LeaseholdImprovementsGross,1,Balance
113,OtherBorrowings,1,Balance
114,EquityMethodInvestments,1,Balance
115,AccruedLiabilitiesForUnredeeemedGiftCards,1,Balance
116,NetInvestmentInDirectFinancingAndSalesTypeLeases,1,Balance
117,DeferredCommissionsCurrent,1,Balance
118,CurrentDeferredAndPayableIncomeTaxes,1,Balance
119,SubordinatedDebtLongTermAffiliates,1,Balance
120,DeferredLongTermLiabilityCharges,1,Balance
121,PensionAndOtherPostretirementAndPostemploymentBenefitPlansLiabilitiesNoncurrent,1,Balance
122,EnergyRelatedInventoryOtherFossilFuel,1,Balance
123,DeferredRevenue,1,Balance
124,DeferredFinanceCostsNoncurrentNet,1,Balance
125,LandAndBuildingsGross,1,Balance
126,ConvertibleLongTermNotesPayable,1,Balance
127,BankOverdrafts,1,Balance
128,LongTermDebt,1,Balance
129,AccountsPayableTradeCurrentAndNoncurrent,1,Balance
130,TotalOtherAssets,1,Balance
131,AccruedLiabilitiesCurrentAndNoncurrent,1,Balance
132,RegulatoryAssetsCurrent,1,Balance
133,AvailableForSaleSecuritiesNoncurrent,1,Balance
134,PublicUtilitiesPropertyPlantAndEquipmentAccumulatedDepreciation,1,Balance
135,CurrentAssetsBeforeFundsHeldForCustomers,1,Balance
136,ConstructionPayableCurrentAndNoncurrent,1,Balance
137,CashEquivalentsAtCarryingValue,1,Balance
138,AccruedEnvironmentalLossContingenciesNoncurrent,1,Balance
139,BankChecksOutstanding,1,Balance
140,OtherShortTermBorrowings,1,Balance
141,OffMarketLeaseUnfavorable,1,Balance
142,PremiumsAndOtherReceivablesNet,1,Balance
143,PublicUtilitiesPropertyPlantAndEquipmentNet,1,Balance
144,DividendsPayableCurrentAndNoncurrent,1,Balance
145,LiabilitiesOfDisposalGroupIncludingDiscontinuedOperationNoncurrent,1,Balance
146,DerivativeAssetsNoncurrent,1,Balance
147,FundsReceivableAndCustomerAccounts,1,Balance
148,ShortTermBorrowingsAndLongTermDebtCurrent,1,Balance
149,RestrictedCashAndInvestmentsCurrent,1,Balance
150,ObligationToReturnCashOrSecuritiesReceivedAsCollateral,1,Balance
151,AccumulatedOtherComprehensiveLoss,1,Balance
152,TotalFinancingReceivables,1,Balance
153,MembersEquity,1,Balance
154,TimeDepositMaturitiesYearOne,1,Balance
155,BillingsInExcessOfCost,1,Balance
156,LongTermDebtAndCapitalLeaseObligationsCurrent,1,Balance
157,AccruedAndPrepaidDrillingCosts,1,Balance
158,OtherLongTermInvestmentsAndMarketableSecurities,1,Balance
159,LongTermNotesPayable,1,Balance
160,NotesReceivableNet,1,Balance
161,LongTermRetirementBenefitsAndOtherLiabilities,1,Balance
162,InventoryWorkInProcess,1,Balance
163,CustomerAdvancesCurrent,1,Balance
164,RealEstateInvestmentPropertyAtCost,1,Balance
165,OtherLongTermDebtNoncurrent,1,Balance
166,PrepaidTaxes,1,Balance
167,LoansAndLeasesReceivableAllowance,1,Balance
168,DeferredCompensationLiabilityClassifiedNoncurrent,1,Balance
169,OilAndGasPropertySuccessfulEffortMethodAccumulatedDepreciationDepletionAndAmortization,1,Balance
170,NetUtilityPlant,1,Balance
171,TravelersChequesOutstanding,1,Balance
172,EnergyRelatedInventoryFuelOilGasAndMaterialsAndSuppliesCost,1,Balance
173,DeferredTaxLiabilitiesCurrent,1,Balance
174,DeferredIncomeTaxesAndOtherTaxLiabilitiesNoncurrent,1,Balance
175,PrepaidExpenseAndOtherAssetsNoncurrent,1,Balance
176,CostsInExcessOfBillingsOnUncompletedContractsOrProgramsExpectedToBeCollectedWithinOneYear,1,Balance
177,AccountsPayableTradeCurrent,1,Balance
178,ContentLibraryNetNoncurrent,1,Balance
179,UnearnedPremiums,1,Balance
180,RetainedEarningsAppropriated,1,Balance
181,ProvisionForInjuriesAndDamages,1,Balance
182,PrepaidExpenseAndOtherAssets,1,Balance
183,DueToRelatedPartiesCurrent,1,Balance
184,FundsHeldForClients,1,Balance
185,ShareholdersEquityBeforeDeductionOfTreasuryStock,1,Balance
186,TotalDeferredChargesAndOtherAssets,1,Balance
187,EnergyRelatedInventoryGasStoredUnderground,1,Balance
188,CurrentLiabilitiesBeforeCustomerFundDeposits,1,Balance
189,NoncurrentDeferredAndUncertainTaxLiabilities,1,Balance
190,MinorityInterestInJointVentures,1,Balance
191,DeferredCompensationEquity,1,Balance
192,AccruedRebatesReturnsAndPromotions,1,Balance
193,LiabilitiesOfDisposalGroupIncludingDiscontinuedOperationCurrent,1,Balance
194,DueFromUnconsolidatedJointBusiness,1,Balance
195,DerivativeLiabilitiesCurrent,1,Balance
196,OtherPolicyholderFunds,1,Balance
197,HeldToMaturitySecurities,1,Balance
198,DeferredRevenueAndCreditsCurrent,1,Balance
199,DeferredPolicyAcquisitionCosts,1,Balance
200,TotalPolicyLiabilities,1,Balance
201,DefinedBenefitPensionPlanLiabilitiesNoncurrent,1,Balance
202,LiabilityForUnpaidClaimsAndClaimsAdjustmentExpenseNet,1,Balance
203,DeferredTaxAssetsLiabilitiesNetCurrent,1,Balance
204,NonCurrentDeferredAndPayableIncomeTaxes,1,Balance
205,CapitalLeaseObligationsCurrent,1,Balance
206,CashCashEquivalentsAndFederalFundsSold,1,Balance
207,InventoryFinishedGoods,1,Balance
208,DecommissioningFundInvestments,1,Balance
209,CashAndDueFromBanks,1,Balance
210,DerivativeLiabilitiesNoncurrent,1,Balance
211,PrepaidExpensesAndOtherAssets,1,Balance
212,UnearnedCompensation,1,Balance
213,DebtAndCapitalLeaseObligations,1,Balance
214,InventoryNoncurrent,1,Balance
215,OilAndGasPropertySuccessfulEffortMethodNet,1,Balance
216,DeferredCreditsAndOtherLiabilities,1,Balance
217,DeferredTaxLiabilitiesNoncurrentAndAccumulatedDeferredInvestmentTaxCredit,1,Balance
218,LoansPayableToBank,1,Balance
219,FiduciaryLiabilities,1,Balance
220,CorporateDebt,1,Balance
221,RegulatoryLiabilityCurrent,1,Balance
222,MachineryAndEquipmentLessAllowanceForDepreciation,1,Balance
223,IncomeTaxesReceivable,1,Balance
224,MinorityInterestInPreferredUnitHolders,1,Balance
225,DeferredIncomeTaxesAndOtherTaxLiabilities,1,Balance
226,MarginReceivables,1,Balance
227,DeferredTaxAssetsLiabilitiesNetNoncurrent,1,Balance
228,FinancingReceivableIndividuallyEvaluatedForImpairment,1,Balance
229,OilAndGasSalesPayableCurrent,1,Balance
230,CashFlowHedgeDerivativeInstrumentLiabilitiesAtFairValue,1,Balance
231,LoansAndLeasesReceivableNetReportedAmountOther,1,Balance
232,NotesAndLoansReceivableNetCurrent,1,Balance
233,LoansAndLeasesReceivableConsumer,1,Balance
234,OtherPrepaidExpenseCurrent,1,Balance
235,FinancingReceivableCollectivelyEvaluatedForImpairment,1,Balance
236,InterestBearingDepositsInBanks,1,Balance
237,OtherDeferredCreditsNoncurrent,1,Balance
238,CommonStockValueOutstanding,1,Balance
239,DeferredFinanceCostsNet,1,Balance
240,LandAndLandImprovements,1,Balance
241,CustomerPayables,1,Balance
242,MarginDepositAssets,1,Balance
243,DefiniteAndFiniteLivedIntangibles,1,Balance
244,CurrentDeferredAndRefundableIncomeTaxes,1,Balance
245,OilAndGasJointInterestBillingReceivablesCurrent,1,Balance
246,FiduciaryAssets,1,Balance
247,PublicUtilitiesPropertyPlantAndEquipmentConstructionWorkInProgress,1,Balance
248,CapitalLeasedAssetsGross,1,Balance
249,RetirementObligationsAndOtherLiabilities,1,Balance
250,InterestPayableCurrent,1,Balance
251,ContentLibraryNetCurrent,1,Balance
252,AccountsPayableCurrentAndNoncurrent,1,Balance
1,IncomeTaxExpenseBenefit,37,Income
2,OperatingIncomeLoss,35,Income
3,NetIncomeLoss,35,Income
4,InterestExpense,30,Income
5,ProfitLoss,23,Income
6,Revenues,21,Income
7,NetIncomeLossAttributableToNoncontrollingInterest,21,Income
8,IncomeLossFromContinuingOperationsBeforeIncomeTaxesMinorityInterestAndIncomeLossFromEquityMethodInvestments,20,Income
9,SellingGeneralAndAdministrativeExpense,20,Income
10,CostsAndExpenses,20,Income
11,OtherNonoperatingIncomeExpense,19,Income
12,SalesRevenueNet,16,Income
13,EarningsPerShareBasic,15,Income
14,EarningsPerShareDiluted,15,Income
15,GeneralAndAdministrativeExpense,15,Income
16,NonoperatingIncomeExpense,15,Income
17,IncomeLossFromContinuingOperationsPerBasicShare,14,Income
18,GrossProfit,14,Income
19,IncomeLossFromContinuingOperationsPerDilutedShare,14,Income
20,CostOfGoodsSold,13,Income
21,SalesRevenueGoodsNet,13,Income
22,IncomeLossFromContinuingOperationsBeforeIncomeTaxesExtraordinaryItemsNoncontrollingInterest,12,Income
23,ResearchAndDevelopmentExpense,11,Income
24,IncomeLossFromDiscontinuedOperationsNetOfTaxPerBasicShare,11,Income
25,IncomeLossFromDiscontinuedOperationsNetOfTaxPerDilutedShare,11,Income
26,SalesRevenueServicesNet,11,Income
27,CostOfRevenue,11,Income
28,NetIncomeLossAvailableToCommonStockholdersBasic,10,Income
29,IncomeLossFromEquityMethodInvestments,10,Income
30,InvestmentIncomeInterest,9,Income
31,OperatingExpenses,9,Income
32,DepreciationAndAmortization,8,Income
33,AmortizationOfIntangibleAssets,8,Income
34,CostOfServices,8,Income
35,IncomeLossFromContinuingOperationsIncludingPortionAttributableToNoncontrollingInterest,8,Income
36,IncomeLossFromDiscontinuedOperationsNetOfTax,8,Income
37,SellingAndMarketingExpense,7,Income
38,RestructuringCharges,6,Income
39,IncomeLossFromContinuingOperations,5,Income
40,CostOfGoodsAndServicesSold,5,Income
41,LaborAndRelatedExpense,5,Income
42,OtherIncome,4,Income
43,InterestAndDebtExpense,4,Income
44,OtherCostAndExpenseOperating,4,Income
45,InvestmentIncomeNet,4,Income
46,InterestExpenseDebt,4,Income
47,OtherNonoperatingIncome,4,Income
48,OtherSalesRevenueNet,3,Income
49,OtherNonoperatingExpense,3,Income
50,PreferredStockDividends,3,Income
51,WeightedAverageNumberDilutedSharesOutstandingAdjustment,2,Income
52,PremiumsEarnedNet,2,Income
53,ProvisionForLoanLossesExpensed,2,Income
54,InterestIncomeDepositsWithFinancialInstitutions,2,Income
55,FinancialServicesCosts,2,Income
56,DepreciationDepletionAndAmortization,2,Income
57,EarningsBeforeIncomeTaxes,2,Income
58,BusinessCombinationAcquisitionRelatedCosts,2,Income
59,WeightedAverageNumberOfDilutedSharesOutstanding,2,Income
60,GainsLossesOnExtinguishmentOfDebt,2,Income
61,NoninterestIncomeOtherOperatingIncome,2,Income
62,ProvisionForDoubtfulAccounts,2,Income
63,OccupancyNet,2,Income
64,IncomeLossFromContinuingOperationsBeforeIncomeTaxes,2,Income
65,MarketingExpense,2,Income
66,DepreciationAmortizationAndAccretionNet,2,Income
67,TaxesExcludingIncomeAndExciseTaxes,2,Income
68,InterestExpenseOther,2,Income
69,WeightedAverageNumberOfSharesOutstandingBasic,2,Income
70,DeferredIncomeTaxExpenseBenefit,2,Income
71,DiscontinuedOperationGainLossOnDisposalOfDiscontinuedOperationNetOfTax,2,Income
72,InvestmentIncomeInterestAndDividend,2,Income
73,CostOfPurchasedPower,2,Income
74,BenefitsLossesAndExpenses,2,Income
75,FulfillmentExpense,2,Income
76,ManagementFeesRevenue,2,Income
77,IncreaseDecreaseInCashAndSecuritiesSegregatedUnderFederalAndOtherRegulations,1,Income
78,GainLossOnDispositionOfAssets,1,Income
79,InterestExpenseNet,1,Income
80,InsuranceCommissions,1,Income
81,DiscontinuedOperationTaxEffectOfDiscontinuedOperation,1,Income
82,PublicUtilitiesAllowanceForFundsUsedDuringConstructionCapitalizedCostOfEquity,1,Income
83,ProvisionForOtherLosses,1,Income
84,OperatingLeasesIncomeStatementLeaseRevenue,1,Income
85,CostOfRevenueSubscriptionAndSupport,1,Income
86,ConsolidatedSponsoredInvestmentProductsGainsLossesNet,1,Income
87,PaymentsToAcquireAvailableForSaleSecurities,1,Income
88,ExplorationAbandonmentsExpense,1,Income
89,DepreciationAndAmortizationIncomeStatement,1,Income
90,RevenueSteamProductsAndServices,1,Income
91,InterestAndOtherNet,1,Income
92,NetCashProvidedByUsedInOperatingActivities,1,Income
93,AssetRetirementObligationAccretionExpense,1,Income
94,GainLossOnSaleOfAssetsAndAssetImpairmentChargesContingentConsideration,1,Income
95,Depreciation,1,Income
96,CostOfRealEstateRevenue,1,Income
97,NetRestructuringAndOtherSpecialCharges,1,Income
98,GainLossOnDerivativeInstrumentsAndOtherNetPretax,1,Income
99,TransportationServicesRevenue,1,Income
100,NetImpairmentGainsLossesOnLoansAndSecuritiesNetAndGainsLossesOnSalesOfInvestmentsNet,1,Income
101,HealthCareOrganizationResidentServiceRevenue,1,Income
102,RestructuringAndOtherActivities,1,Income
103,InterestAndFeeIncomeLoansConsumerInstallmentCreditCard,1,Income
104,CostPurchasedElectricCapacity,1,Income
105,SecuritizationFundingCosts,1,Income
106,OtherNoninterestExpense,1,Income
107,ProceedsFromSaleAndCollectionOfLoansHeldforsale,1,Income
108,Redemption,1,Income
109,GainLossOnDispositionOfOtherAssets,1,Income
110,TotalOtherThanTemporaryImpairmentLossesOnInvestments,1,Income
111,ImpairmentOfLongLivedAssetsHeldForUse,1,Income
112,IncreaseDecreaseInCustomerPayables,1,Income
113,CostOfOtherPropertyOperatingExpense,1,Income
114,GoodwillImpairmentLoss,1,Income
115,CommunicationsInformationTechnologyAndOccupancy,1,Income
116,IncomeAvailableToCommonStockholdersBasic,1,Income
117,Other,1,Income
118,DiscontinuedOperationIncomeLossFromDiscontinuedOperationBeforeIncomeTax,1,Income
119,ContractRevenueCost,1,Income
120,OccupancyCosts,1,Income
121,IncomeBeforeInterestIncomeInterestExpenseAndIncomeTaxes,1,Income
122,AmortizationOfDeferredSalesCommissions,1,Income
123,AirfreightRevenue,1,Income
124,NetInvestmentIncome,1,Income
125,ExpenseRelatedToDistributionOrServicingAndUnderwritingFees,1,Income
126,Directory,1,Income
127,RestructuringChargesAndOther,1,Income
128,OilAndGasProductionExpense,1,Income
129,IncreaseDecreaseInDeposits,1,Income
130,GainLossOnSaleOfSecuritiesNet,1,Income
131,LicensesRevenueNew,1,Income
132,TotalRevenuesNetOfInterestExpense,1,Income
133,EffectOfExchangeRateOnCashAndCashEquivalents,1,Income
134,ShareBasedCompensation,1,Income
135,IncomeLossFromContinuingOperationsBeforeIncomeTaxesAndMinorityInterest,1,Income
136,TotalNonoperatingInterestAndOtherIncomeExpense,1,Income
137,DatabaseMarketingFeesAndDirectMarketingServices,1,Income
138,OccupancyRevenue,1,Income
139,AmortizationOfIntangiblesAndSoftwareAcquiredByAcquisition,1,Income
140,AcquisitionAndOperatingCostAndExpenses,1,Income
141,CostOfAirfreightConsolidation,1,Income
142,MarketingAndAdvertisingExpense,1,Income
143,ProceedsFromMaturitiesPrepaymentsAndCallsOfHeldToMaturitySecurities,1,Income
144,InterestAndDividendIncomeOperating,1,Income
145,UnconsolidatedJointBusiness,1,Income
146,InterestAndDividendIncomeSecurities,1,Income
147,ProvisionForLoanAndLeaseLosses,1,Income
148,ProceedsFromPaymentsForOtherFinancingActivities,1,Income
149,DiscontinuedOperationIncomeLossFromDiscontinuedOperationDuringPhaseOutPeriodNetOfTax,1,Income
150,CostElectricFuelPurchasedPower,1,Income
151,MarketableSecuritiesRealizedGainLossExcludingOtherThanTemporaryImpairments,1,Income
152,RevenueFromLeasedAndOwnedHotels,1,Income
153,PolicyholderBenefitsAndClaimsIncurredHealthCare,1,Income
154,DiscontinuedOperationIncomeLossFromDiscontinuedOperationDuringPhaseOutPeriodBeforeIncomeTax,1,Income
155,LicensesRevenue,1,Income
156,ProvisionForLoanLeaseAndOtherLosses,1,Income
157,UtilitiesOperatingExpenseMaintenanceAndOperations,1,Income
158,RealizedInvestmentGainsLosses,1,Income
159,FiduciaryInvestmentIncome,1,Income
160,OwnedPropertyManagementCosts,1,Income
161,AcquiredInProcessResearchAndDevelopment,1,Income
162,FuelCosts,1,Income
163,GainLossOnDispositionOfIntangibleAssets,1,Income
164,CommunicationsAndInformationTechnology,1,Income
165,PaymentsForProceedsFromHedgeFinancingActivities,1,Income
166,LicenseCosts,1,Income
167,CollaborationProfitSharing,1,Income
168,CurrentIncomeTaxExpenseBenefit,1,Income
169,PaymentsToAcquireHeldToMaturitySecurities,1,Income
170,IncomeBeforeEquityIncome,1,Income
171,GasDomesticRegulatedRevenue,1,Income
172,UnderwritingAndDistributionFees,1,Income
173,TravelCommissionsAndFees,1,Income
174,DeferredPolicyAcquisitionCostAmortizationExpense,1,Income
175,InvestmentAdvisoryFees,1,Income
176,FeesAndCommissionsOther,1,Income
177,OtherIncomeExpenseNet,1,Income
178,IncomeBeforeDiscontinuedOperationsAvailableToCommonStockholdersDiluted,1,Income
179,InterestIncomeExpenseNonoperatingNet,1,Income
180,ProvisionForTransactionAndLoanLosses,1,Income
181,WirelessService,1,Income
182,GainLossOnForeignCurrencyAndDerivativeContracts,1,Income
183,PublicUtilitiesAllowanceForFundsUsedDuringConstructionCapitalizedInterest,1,Income
184,IncomeLossBeforeDiscontinuedOperations,1,Income
185,IncreaseDecreaseInOtherOperatingAssets,1,Income
186,InterestIncomeOperating,1,Income
187,BusinessCombinationStepAcquisitionEquityInterestInAcquireeRemeasurementGainOrLoss,1,Income
188,CostOfPurchasedOilAndGas,1,Income
189,NetCashProvidedByUsedInInvestingActivities,1,Income
190,CostOfGoodsSoldRestructuring,1,Income
191,InterestAndOtherIncome,1,Income
192,CustomsBrokerageAndOtherServicesRevenue,1,Income
193,Data,1,Income
194,PaymentsForProceedsFromHedgeInvestingActivities,1,Income
195,PurchasesOfTradingSecurities,1,Income
196,Transaction,1,Income
197,OtherHotelOperatingRevenue,1,Income
198,ProceedsFromSaleAndMaturityOfAvailableForSaleSecurities,1,Income
199,CostPurchaseGas,1,Income
200,OtherSellingGeneralAndAdministrativeExpense,1,Income
201,InterestExpenseDeposits,1,Income
202,NoninterestExpense,1,Income
203,ElectricUtilityRevenue,1,Income
204,RealEstateTaxExpense,1,Income
205,PreferredStockDividendsAndOtherAdjustments,1,Income
206,PurchasedElectricCapacity,1,Income
207,TechnologyServicesCosts,1,Income
208,PaymentsToAcquirePropertyPlantAndEquipment,1,Income
209,FoodAndBeverageCostOfSales,1,Income
210,CashAndCashEquivalentsPeriodIncreaseDecrease,1,Income
211,FeesAndCommissionsTransferAgent,1,Income
212,CostOfGoodsSoldSubscription,1,Income
213,Voice,1,Income
214,OtherDirectCostsOfHotels,1,Income
215,CapitalLeasesIncomeStatementLeaseRevenue,1,Income
216,CostOfOceanFreightConsolidation,1,Income
217,IncreaseDecreaseInMarginReceivables,1,Income
218,ResearchAndDevelopmentExpenseExcludingAcquiredInProcessCost,1,Income
219,PaymentsForProceedsFromOtherInvestingActivities,1,Income
220,TechnologyAndContentExpense,1,Income
221,InterestAndFeeIncomeLoansAndLeases,1,Income
222,GainOnSaleOfRights,1,Income
223,OtherOperationsAndMaintenanceExpenses,1,Income
224,SalesAndDistributionFees,1,Income
225,IncomeBeforeIncomeTaxes,1,Income
226,OceanFreightAndOceanServicesRevenue,1,Income
227,PaymentsForOriginationAndPurchasesOfLoansHeldForSale,1,Income
228,FoodAndBeverageRevenue,1,Income
229,OtherGeneralExpenses,1,Income
230,TenantReimbursements,1,Income
231,LicensesRevenuesUpdatesAndSupport,1,Income
232,OtherThanTemporaryImpairmentLossesRecognizedInOtherComprehensiveIncome,1,Income
233,InterestExpenseDomesticDepositLiabilitiesCertificatesOfDeposit,1,Income
234,OilAndCondensateRevenue,1,Income
235,CostOfCustomsBrokerageAndOtherServices,1,Income
236,IndefiniteLivedIntangibleAssetsImpairmentLosses,1,Income
237,GainLossOnSaleOfEquityInvestments,1,Income
238,CommissionsFeesAndOther,1,Income
239,ComprehensiveIncomeNetOfTaxIncludingPortionAttributableToNoncontrollingInterest,1,Income
240,NoninterestIncome,1,Income
241,SubscriptionAndSupportRevenue,1,Income
242,OtherComprehensiveIncomeLossNetOfTax,1,Income
243,OilAndGasRevenue,1,Income
244,OtherComprehensiveIncomeLossPensionAndOtherPostretirementBenefitPlansAdjustmentNetOfTax,1,Income
245,ResearchDevelopmentAndRelatedExpenses,1,Income
246,NetCashProvidedByUsedInFinancingActivities,1,Income
247,OtherExpenseNet,1,Income
248,GainLossOnDispositionOfProperty,1,Income
249,IncomeLossFromDiscontinuedOperationsNetOfTaxAttributableToReportingEntity,1,Income
250,DisposalGroupNotDiscontinuedOperationGainLossOnDisposal,1,Income
251,OtherThanTemporaryImpairmentLossesRealized,1,Income
252,InterestIncomeExpenseNet,1,Income
253,AdministrativeServicesFees,1,Income
254,GainOnBusinessInterruptionAndPropertyInsuranceRecovery,1,Income
255,TotalRevenuesNetOfInterestExpenseAfterProvisionsForLosses,1,Income
256,IncomeLossFromDiscontinuedOperationsNetOfTaxAttributableToNoncontrollingInterest,1,Income
257,AssetImpairmentCharges,1,Income
258,CapitalLeasesIncomeStatementDirectFinancingLeaseRevenue,1,Income
259,DirectCostsOfLeasedAndRentedPropertyOrEquipment,1,Income
260,CostOfPurchasedTransportationAndRelatedServices,1,Income
261,PolicyholderBenefitsAndClaimsIncurredNet,1,Income
262,ProceedsFromPaymentsForInSecuritiesSoldUnderAgreementsToRepurchase,1,Income
263,NaturalGasProductionRevenue,1,Income
264,CostOFAirfreightConsolidation,1,Income
265,UtilitiesOperatingExpenseOther,1,Income
266,TechnologyServicesRevenue,1,Income
267,OperatingLeasesIncomeStatementMinimumLeaseRevenue,1,Income
268,ProceedsFromSaleOfWhollyOwnedRealEstateAndRealEstateAcquiredInSettlementOfLoans,1,Income
269,AffiliatedSuppliers,1,Income
270,OtherComprehensiveIncomeForeignCurrencyTransactionAndTranslationGainLossArisingDuringPeriodNetOfTax,1,Income
1,NetCashProvidedByUsedInOperatingActivities,40,Cash
2,NetCashProvidedByUsedInFinancingActivities,40,Cash
3,CashAndCashEquivalentsPeriodIncreaseDecrease,39,Cash
4,NetCashProvidedByUsedInInvestingActivities,35,Cash
5,ShareBasedCompensation,34,Cash
6,PaymentsForRepurchaseOfCommonStock,33,Cash
7,PaymentsToAcquireBusinessesNetOfCashAcquired,29,Cash
8,EffectOfExchangeRateOnCashAndCashEquivalents,28,Cash
9,PaymentsToAcquirePropertyPlantAndEquipment,27,Cash
10,DeferredIncomeTaxExpenseBenefit,25,Cash
11,ExcessTaxBenefitFromShareBasedCompensationFinancingActivities,25,Cash
12,IncreaseDecreaseInAccountsReceivable,23,Cash
13,ProfitLoss,22,Cash
14,ProceedsFromIssuanceOfLongTermDebt,21,Cash
15,IncreaseDecreaseInInventories,21,Cash
16,IncreaseDecreaseInAccountsPayable,20,Cash
17,RepaymentsOfLongTermDebt,18,Cash
18,PaymentsForProceedsFromOtherInvestingActivities,18,Cash
19,ExcessTaxBenefitFromShareBasedCompensationOperatingActivities,18,Cash
20,ProceedsFromPaymentsForOtherFinancingActivities,17,Cash
21,OtherNoncashIncomeExpense,17,Cash
22,NetIncomeLoss,17,Cash
23,IncreaseDecreaseInOtherOperatingAssets,16,Cash
24,DepreciationAndAmortization,15,Cash
25,IncreaseDecreaseInOtherOperatingCapitalNet,14,Cash
26,PaymentsOfDividendsCommonStock,14,Cash
27,IncreaseDecreaseInOtherOperatingLiabilities,13,Cash
28,ProceedsFromSaleOfPropertyPlantAndEquipment,13,Cash
29,DepreciationDepletionAndAmortization,13,Cash
30,PaymentsOfDividends,12,Cash
31,ProceedsFromIssuanceOfCommonStock,12,Cash
32,IncreaseDecreaseInPrepaidDeferredExpenseAndOtherAssets,12,Cash
33,IncreaseDecreaseInReceivables,12,Cash
34,ProvisionForDoubtfulAccounts,11,Cash
35,PaymentsToAcquireInvestments,11,Cash
36,PaymentsToAcquireProductiveAssets,10,Cash
37,ProceedsFromStockOptionsExercised,10,Cash
38,AdjustmentsNoncashItemsToReconcileNetIncomeLossToCashProvidedByUsedInOperatingActivitiesOther,10,Cash
39,IncreaseDecreaseInAccruedIncomeTaxesPayable,10,Cash
40,Depreciation,9,Cash
41,IncreaseDecreaseInAccountsPayableAndAccruedLiabilities,9,Cash
42,IncreaseDecreaseInRestrictedCash,9,Cash
43,ProceedsFromRepaymentsOfShortTermDebt,8,Cash
44,AmortizationOfIntangibleAssets,8,Cash
45,IncreaseDecreaseInAccruedLiabilities,8,Cash
46,ProceedsFromSaleMaturityAndCollectionsOfInvestments,8,Cash
47,IncreaseDecreaseInDeferredRevenue,8,Cash
48,ProceedsFromMaturitiesPrepaymentsAndCallsOfAvailableForSaleSecurities,7,Cash
49,PaymentsOfDividendsMinorityInterest,7,Cash
50,ProceedsFromIssuanceOfDebt,6,Cash
51,GainLossOnSaleOfPropertyPlantEquipment,6,Cash
52,PaymentsToAcquireMarketableSecurities,6,Cash
53,ProceedsFromSaleAndMaturityOfMarketableSecurities,6,Cash
54,PaymentsToAcquireIntangibleAssets,6,Cash
55,GainLossOnSaleOfInvestments,6,Cash
56,PaymentsOfDebtIssuanceCosts,6,Cash
57,RepaymentsOfDebt,6,Cash
58,AdjustmentForAmortization,5,Cash
59,ProceedsFromStockPlans,5,Cash
60,PaymentsToAcquireAvailableForSaleSecurities,5,Cash
61,IncreaseDecreaseInEmployeeRelatedLiabilities,5,Cash
62,IncreaseDecreaseInAccountsPayableTrade,5,Cash
63,ProceedsFromSaleOfProductiveAssets,5,Cash
64,GainLossOnSaleOfOtherAssets,5,Cash
65,IncreaseDecreaseInDeferredIncomeTaxes,5,Cash
66,PaymentsToMinorityShareholders,4,Cash
67,IncreaseDecreaseInPrepaidExpense,4,Cash
68,RepaymentsOfLongTermDebtAndCapitalSecurities,4,Cash
69,EquityMethodInvestmentDividendsOrDistributions,4,Cash
70,AmortizationOfFinancingCosts,4,Cash
71,ProceedsFromDivestitureOfBusinessesNetOfCashDivested,4,Cash
72,IncomeLossFromEquityMethodInvestments,4,Cash
73,ProceedsFromShortTermDebt,4,Cash
74,ProceedsFromIssuanceOfSharesUnderIncentiveAndShareBasedCompensationPlansIncludingStockOptions,4,Cash
75,PensionAndOtherPostretirementBenefitContributions,4,Cash
76,RepaymentsOfShortTermDebt,3,Cash
77,AdjustmentsNoncashItemsToReconcileNetIncomeLossToCashProvidedByUsedInOperatingActivities,3,Cash
78,PaymentsToAcquireAvailableForSaleSecuritiesDebt,3,Cash
79,GainLossOnDispositionOfAssets,3,Cash
80,PaymentsOfOrdinaryDividends,3,Cash
81,ProceedsFromLinesOfCredit,3,Cash
82,RepaymentsOfLinesOfCredit,3,Cash
83,IncreaseDecreaseInOtherAccruedLiabilities,3,Cash
84,PaymentsOfDividendsPreferredStockAndPreferenceStock,3,Cash
85,ProceedsFromSaleOfAvailableForSaleSecurities,3,Cash
86,RepaymentsOfSecuredDebt,3,Cash
87,ProceedsFromSaleAndMaturityOfAvailableForSaleSecurities,3,Cash
88,ProceedsFromSaleOfAvailableForSaleSecuritiesDebt,3,Cash
89,PaymentsOfFinancingCosts,3,Cash
90,IncreaseDecreaseInOtherCurrentAssets,3,Cash
91,DisposalGroupNotDiscontinuedOperationGainLossOnDisposal,3,Cash
92,DiscontinuedOperationGainLossFromDisposalOfDiscontinuedOperationBeforeIncomeTax,3,Cash
93,IncreaseDecreaseInDeposits,3,Cash
94,DeferredIncomeTaxesAndTaxCredits,3,Cash
95,ProceedsFromSaleOfTreasuryStock,3,Cash
96,NetCashProvidedByUsedInOperatingActivitiesContinuingOperations,3,Cash
97,IncreaseDecreaseInAccruedTaxesPayable,3,Cash
98,OtherNoncashExpense,3,Cash
99,PaymentsForProceedsFromHedgeFinancingActivities,3,Cash
100,DepreciationAmortizationAndAccretionNet,3,Cash
101,AmortizationOfFinancingCostsAndDiscounts,3,Cash
102,IncomeLossFromDiscontinuedOperationsNetOfTax,3,Cash
103,GainsLossesOnExtinguishmentOfDebt,3,Cash
104,PaymentsToAcquireAdditionalInterestInSubsidiaries,3,Cash
105,InventoryWriteDown,3,Cash
106,IncreaseDecreaseInPensionAndPostretirementObligations,3,Cash
107,RepaymentsOfOtherDebt,3,Cash
108,AssetImpairmentCharges,3,Cash
109,CashProvidedByUsedInOperatingActivitiesDiscontinuedOperations,3,Cash
110,ProceedsFromPaymentsToMinorityShareholders,2,Cash
111,ProceedsFromLongTermLinesOfCredit,2,Cash
112,PaymentsRelatedToTaxWithholdingForShareBasedCompensation,2,Cash
113,PaymentsToAcquireHeldToMaturitySecurities,2,Cash
114,PaymentsToAcquireEquityMethodInvestments,2,Cash
115,IncomeLossFromEquityMethodInvestmentsNetOfDividendsOrDistributions,2,Cash
116,AmortizationOfDeferredSalesCommissions,2,Cash
117,GainLossOnSalesOfAssetsAndAssetImpairmentCharges,2,Cash
118,ProceedsFromRepaymentsOfLongTermDebtAndCapitalSecurities,2,Cash
119,UnrealizedGainLossOnDerivatives,2,Cash
120,RepaymentsOfUnsecuredDebt,2,Cash
121,IncreaseDecreaseInBillingInExcessOfCostOfEarnings,2,Cash
122,NetCashProvidedByUsedInInvestingActivitiesContinuingOperations,2,Cash
123,ProceedsFromIssuanceOfSecuredDebt,2,Cash
124,ProceedsFromOtherDebt,2,Cash
125,IncreaseDecreaseInClientFundsHeld,2,Cash
126,NetCashProvidedByUsedInFinancingActivitiesContinuingOperations,2,Cash
127,ProceedsFromMaturitiesPrepaymentsAndCallsOfHeldToMaturitySecurities,2,Cash
128,IncreaseDecreaseInOperatingCapital,2,Cash
129,ProvisionForLoanAndLeaseLosses,2,Cash
130,ProceedsFromDivestitureOfBusinesses,2,Cash
131,ProceedsFromRepaymentsOfBankOverdrafts,2,Cash
132,PaymentsForProceedsFromLoansReceivable,2,Cash
133,IncreaseDecreaseInOtherNoncurrentLiabilities,2,Cash
134,AccretionExpense,2,Cash
135,IncreaseDecreaseInDeferredCharges,2,Cash
136,RestructuringReservePeriodIncreaseDecrease,2,Cash
137,IncreaseDecreaseInOtherReceivables,2,Cash
138,PaymentsForProceedsFromShortTermInvestments,2,Cash
139,AmortizationOfDebtDiscountPremium,2,Cash
140,RepaymentsOfLongTermLinesOfCredit,2,Cash
141,RepaymentsOfLongTermCapitalLeaseObligations,2,Cash
142,PaymentsToAcquireInterestInSubsidiariesAndAffiliates,2,Cash
143,ProceedsFromRepaymentsOfShortTermDebtMaturingInThreeMonthsOrLess,2,Cash
144,PensionAndOtherPostretirementBenefitExpense,2,Cash
145,IncreaseDecreaseInDeferredRevenueAndCustomerAdvancesAndDeposits,1,Cash
146,PaymentsToAcquireAndDevelopRealEstate,1,Cash
147,RepaymentsOfTermAndBridgeLoans,1,Cash
148,NetChangeInFundsReceivable,1,Cash
149,ProceedsFromShortTermDebtMaturingInMoreThanThreeMonths,1,Cash
150,PurchasesOfPropertyAndEquipmentAndIntangibleAssets,1,Cash
151,AdditionsToUnearnedRevenue,1,Cash
152,IncreaseDecreaseInDeferredLiabilities,1,Cash
153,PaymentsForCapitalImprovements,1,Cash
154,ProceedsFromAvailableForSaleFixedMaturitiesMaturedOrCalled,1,Cash
155,AmortizationInventoryStepUp,1,Cash
156,IncreaseDecreaseInOtherDeposits,1,Cash
157,RepaymentsOfDeposits,1,Cash
158,ProceedsFromFederalHomeLoanBankAdvances,1,Cash
159,ReceiptsFromCentersForMedicareAndMedicaidServiceDeposits,1,Cash
160,ProceedsFromIssuanceOfLongTermDebtAndCapitalSecuritiesNet,1,Cash
161,PaymentsForLeaseCommissionsAndTenantAndCapitalImprovements,1,Cash
162,PaymentsToAcquireShortTermInvestments,1,Cash
163,IssuanceOfCommonStockIncludingStockOptionExercises,1,Cash
164,AccretedInterestOnZeroCouponSubordinatedNotes,1,Cash
165,IncreaseDecreaseInFiduciaryLiabilities,1,Cash
166,FairValueOfAssetsAcquired,1,Cash
167,StraightLineRent,1,Cash
168,PaymentOfFinancingAndStockIssuanceCosts,1,Cash
169,ChangeInProductAndOtherInsuranceReceivablesAndClaims,1,Cash
170,NoncashOrPartNoncashAcquisitionNetNonmonetaryAssetsAcquiredLiabilitiesAssumed1,1,Cash
171,PropertyPlantAndEquipmentAdditions,1,Cash
172,PaymentsOfDistributionsToAffiliates,1,Cash
173,SettlementsReceivedFromPaidOnDerivativesNotDesignatedAsHedges,1,Cash
174,PaymentsToExploreAndDevelopOilAndGasProperties,1,Cash
175,RestructuringChargesOperatingIncomeImpact,1,Cash
176,DepreciationDepletionAndAmortizationIncludingNuclearFuel,1,Cash
177,ChangeInRedemptionSettlementAssets,1,Cash
178,DerivativesGainLoss,1,Cash
179,ProceedsFromPaymentsForInSecuritiesSoldUnderAgreementsToRepurchase,1,Cash
180,ProceedsFromSaleOfAvailableForSaleSecuritiesEquity,1,Cash
181,PaymentsOfLoanCosts,1,Cash
182,DisposalGroupIncludingDiscontinuedOperationGainLossFromDisposal,1,Cash
183,IncreaseDecreaseInDeferredCompensation,1,Cash
184,ProceedsFromIssuanceOfPrivatePlacement,1,Cash
185,IncreaseDecreaseInMarginDepositsOutstanding,1,Cash
186,GainLossOnDispositionOfIntangibleAssets,1,Cash
187,PropertyPlantAndEquipmentDisposals,1,Cash
188,ProceedsFromIssuanceOfSeniorLongTermDebt,1,Cash
189,PaymentsForProceedsFromInvestments,1,Cash
190,PaymentsForLeasingCostsCommissionsAndTenantImprovements,1,Cash
191,OtherOperatingIncomeExpenseNet,1,Cash
192,PaymentsOnDebtByConsolidatedVariableInterestEntities,1,Cash
193,TaxBenefitFromStockOptionsExercised,1,Cash
194,InvestmentInEquityAffiliates,1,Cash
195,ImpairmentOfInvestments,1,Cash
196,ProceedsFromSaleAndCollectionOfReceivables,1,Cash
197,AssetRetirementObligationAccretionExpense,1,Cash
198,PurchaseOfPropertiesUnderConstructionAndLeaseAgreement,1,Cash
199,ProvisionForLoanLeaseAndOtherLosses,1,Cash
200,GainLossOnSaleOfDerivatives,1,Cash
201,PaymentsForSoftware,1,Cash
202,OtherPaymentsToAcquireBusinesses,1,Cash
203,ProceedsFromRepaymentsOfBankLinesOfCredit,1,Cash
204,ProceedsFromMaturitiesPrepaymentsAndCallsOfAvailableForSalePerpetualSecurities,1,Cash
205,NoncashOrPartNoncashAcquisitionValueOfLiabilitiesAssumed1,1,Cash
206,PaymentsToAcquireReceivables,1,Cash
207,ImpairmentOfOilAndGasProperties,1,Cash
208,AccruedLiabilitiesAndOtherLongTermLiabilities,1,Cash
209,PaymentOfContingentConsideration,1,Cash
210,CashProvidedByUsedInFinancingActivitiesDiscontinuedOperations,1,Cash
211,PaymentsForRepurchaseOfPreferredStockAndPreferenceStock,1,Cash
212,IncreaseDecreaseInAccruedsAndOtherNoncurrentLiabilities,1,Cash
213,ProceedsFromIssuanceOfSeniorNotesNetOfIssuanceCosts,1,Cash
214,ProvisionForLoanLoss,1,Cash
215,RepaymentOfNotesReceivableFromRelatedParties,1,Cash
216,GainsLossesOfConsolidatedVariableInterestEntitiesNet,1,Cash
217,ProceedsFromSaleAndCollectionOfLoansHeldforsale,1,Cash
218,ProceedsFromIssuancePublicOffering,1,Cash
219,PaymentsForProceedsFromProductiveAssets,1,Cash
220,ChangeInDeferredRevenue,1,Cash
221,IncreaseDecreaseInRestructuringReserve,1,Cash
222,PaymentsToAcquireAvailableForSaleSecuritiesEquity,1,Cash
223,IncreaseDecreaseInHealthCareInsuranceLiabilities,1,Cash
224,NetCashProvidedByUsedInContinuingOperations,1,Cash
225,IncreaseDecreaseInDeferredFuelCosts,1,Cash
226,ProceedsFromIssuanceOfUnsecuredDebt,1,Cash
227,PaymentsForRepurchaseOfWarrants,1,Cash
228,PaymentsOfCapitalDistribution,1,Cash
229,ScheduledPrincipalRepayments,1,Cash
230,GoodwillImpairmentLoss,1,Cash
231,ReimbursementOfGuaranteePayments,1,Cash
232,ReserveForRateRefunds,1,Cash
233,ProceedsFromDivestitureOfBusinessesAndInterestsInAffiliates,1,Cash
234,PaymentsToAcquireInterestInJointVenture,1,Cash
235,IncreaseDecreaseInRestrictedCashForOperatingActivities,1,Cash
236,PaymentsForRepurchaseOfMembershipInterests,1,Cash
237,AmortizationOfDiscountOnNotesReceivables,1,Cash
238,RepositioningAndOtherInvestments,1,Cash
239,DistributionsInExcessOfEarningsFromUnconsolidatedJointVentures,1,Cash
240,DividendsPaid,1,Cash
241,PaymentsRelatedToStockOptionPurchase,1,Cash
242,ProceedsFromShortAndLongTermBorrowings,1,Cash
243,RepaymentsOfShortTermAndLongTermBorrowings,1,Cash
244,PaymentsOnVendorFinancedEquipment,1,Cash
245,IncreaseDecreaseInIncomeTaxesNet,1,Cash
246,PurchaseOfNoncontrollingInterest,1,Cash
247,IncreaseDecreaseInCustomerPayables,1,Cash
248,NetProceedsFromIssuanceOfStockToEmployees,1,Cash
249,IncreaseDecreaseInFiduciaryReceivables,1,Cash
250,PaymentsOfStockIssuanceCosts,1,Cash
251,IncomeLossFromContinuingOperations,1,Cash
252,PrepaidExpensesAndOtherCurrentAsset,1,Cash
253,AllocatedShareBasedCompensationExpense,1,Cash
254,ProceedsFromInsuranceSettlementInvestingActivities,1,Cash
255,PaymentsToAcquireProjects,1,Cash
256,DeferredTaxesAcquisitionCostsAndOther,1,Cash
257,ProceedsFromSaleAndMaturityOfOtherInvestments,1,Cash
258,NetChangeAnnuitiesAndInvestmentCertificates,1,Cash
259,RepaymentsOfAssumedDebt,1,Cash
260,IssuancesOfDeposits,1,Cash
261,IncreaseDecreaseInOtherEmployeeRelatedLiabilities,1,Cash
262,ProceedsFromTermAndBridgeLoans,1,Cash
263,ProceedsFromSaleOfShortTermInvestments,1,Cash
264,PaymentsForProceedsFromOtherAssets,1,Cash
265,CashFlowDepreciationExpense,1,Cash
266,IncreaseDecreaseInFurnitureFixturesAndEquipmentReserves,1,Cash
267,ProceedsFromContributionsFromAffiliates,1,Cash
268,CustomerFinancingValuation,1,Cash
269,IncreaseDecreaseInPayablesToBrokerDealers,1,Cash
270,IncreaseDecreaseInOtherDeferredLiability,1,Cash
271,RecognitionOfDeferredRevenue,1,Cash
272,AmortizationOfPreviouslyUnearnedRevenue,1,Cash
273,AccretionAmortizationOfDiscountsAndPremiumsInvestments,1,Cash
274,IncreaseDecreaseInOtherAccountsPayableAndAccruedLiabilities,1,Cash
275,NetGainsOnPropertyTransactions,1,Cash
276,IndefiniteLivedIntangibleAssetsImpairmentLosses,1,Cash
277,DefinedBenefitPlanActuarialGainLoss,1,Cash
278,IncreaseDecreaseInDueFromManagers,1,Cash
279,DeferredIncomeTaxesAndAmortizationOfInvestmentTaxCredits,1,Cash
280,IncreaseDecreaseInInsuranceLiabilities,1,Cash
281,IncreaseDecreaseInIncomeTaxesReceivable,1,Cash
282,IncreaseDecreaseInAccruedLiabilitiesAndIncomeTaxesPayable,1,Cash
283,ProceedsFromSaleOfRealEstateHeldforinvestment,1,Cash
284,RestructuringCosts,1,Cash
285,ProceedsFromMaturitiesPrepaymentsAndCallsOfHeldToMaturityFixedMaturitiesSecurities,1,Cash
286,IncreaseDecreaseInRetailRelatedInventories,1,Cash
287,IncreaseDecreaseInDueFromUnconsolidatedJointBusiness,1,Cash
288,PaymentsForProceedsFromMarketableSecurities,1,Cash
289,IncreaseDecreaseInPrepaidExpensesAndOther,1,Cash
290,RevenueGeneratingCapitalExpenditures,1,Cash
291,IncreaseDecreaseInRevenuePayable,1,Cash
292,ProceedsFromSecuritizationsOfCreditCards,1,Cash
293,ProceedsFromIssuanceOrSaleOfEquity,1,Cash
294,DeferredTaxesAndOther,1,Cash
295,PaymentsForConstructionInProcess,1,Cash
296,ProvisionForLoanLossesExpensed,1,Cash
297,PaymentsToFundLongtermLoansToRelatedParties,1,Cash
298,DeferredPaymentsOnAcquisitions,1,Cash
299,PaymentsToAcquireCommercialRealEstate,1,Cash
300,RepaymentsOfDebtMaturingInMoreThanThreeMonths,1,Cash
301,NetChangeInFundsPayable,1,Cash
302,CompanysShareOfGainOnSalesOfRealEstate,1,Cash
303,ProceedsFromIssuanceOfPreferredStockAndPreferenceStock,1,Cash
304,IncreaseDecreaseInPropertyAndOtherTaxesPayable,1,Cash
305,IncreaseDecreaseInDeferredRentReceivables,1,Cash
306,IncreaseDecreaseInAccountsPayableAndOtherOperatingLiabilities,1,Cash
307,CashProvidedByUsedInInvestingActivitiesDiscontinuedOperations,1,Cash
308,IncreaseDecreaseInAccountsAndOtherReceivables,1,Cash
309,UnrealizedGainLossOnSecurities,1,Cash
310,TaxPaymentsRelatedToIssuanceOfRestrictedStockUnits,1,Cash
311,GainLossOnInvestments,1,Cash
312,IncreaseDecreaseInSecuritiesLendingCollateral,1,Cash
313,PaymentsToAcquireRealEstate,1,Cash
314,GainsLossesOnExtinguishmentOfDebtExcludingPenalty,1,Cash
315,NetIncomeLossAvailableToCommonStockholdersBasic,1,Cash
316,IncreaseDecreaseInDeferredPolicyAcquisitionCosts,1,Cash
317,NonRevenueGeneratingCapitalExpenditures,1,Cash
318,PaymentsToDevelopSoftware,1,Cash
319,StockBasedCompensationExpense,1,Cash
320,PurchaseOfSoftwareAndOtherDeferredCharges,1,Cash
321,PaymentForTaxWithholdingRelatedToVestedAndReleasedRestrictedStockUnits,1,Cash
322,SaleOfPropertyAndNonCoreProductLines,1,Cash
323,ProceedsFromSaleOfMarketableSecuritiesAndInvestments,1,Cash
324,AdjustmentsToReconcileNetIncomeLossToCashProvidedByUsedInOperatingActivities,1,Cash
325,AllowanceForFundsUsedDuringConstructionInvestingActivities,1,Cash
326,ProceedsFromRepaymentsOfRestrictedCashFinancingActivities,1,Cash
327,IncreaseDecreaseTravelersChequesOutstanding,1,Cash
328,PrincipalPaymentsOnDebt,1,Cash
329,PrepaymentLongtermLandLease,1,Cash
330,RepaymentsOfOtherLongTermDebt,1,Cash
331,ProceedsFromSaleOfAvailableForSalePerpetualSecurities,1,Cash
332,AmortizationOfAboveAndBelowMarketLeaseIntangiblesNet,1,Cash
333,WithdrawalsFromCentersForMedicareAndMedicaidServiceDeposits,1,Cash
334,DepreciationDiscontinuedOperations,1,Cash
335,ChangeInSecuritiesLendingPayable,1,Cash
336,IncreaseDecreaseInClientFundsHeldInvestingActivities,1,Cash
337,ProceedsFromExerciseOfStockOptionsAndExcessTaxBenefits,1,Cash
338,DepositsAndOtherAssetsOperating,1,Cash
339,RepaymentsOfSeniorDebt,1,Cash
340,IncreaseDecreaseInInventoriesAndPropertySubjectToOrAvailableForOperatingLease,1,Cash
341,AssetImpairmentChargesCashFlowImpact,1,Cash
342,ProceedsFromIssuanceOfSeniorSecuredTermLoansNetOfIssuanceCosts,1,Cash
343,IncreaseDecreaseInBookOverdrafts,1,Cash
344,ProceedsFromSaleOfWhollyOwnedRealEstateAndRealEstateAcquiredInSettlementOfLoans,1,Cash
345,DecreaseInAccruedExpensesAndOther,1,Cash
346,PaymentsOnZeroCouponSubordinatedNotes,1,Cash
347,LandActivityAndBuildingImprovements,1,Cash
348,GainLossOnDispositionOfProperty,1,Cash
349,DepreciationAndAmortizationOfRealEstateInPlaceLeaseAndOtherIntangiblesDiscontinuedOperations,1,Cash
350,PublicUtilitiesAllowanceForFundsUsedDuringConstructionAdditions,1,Cash
351,ProceedsFromSaleOfOtherProductiveAssets,1,Cash
352,AdditionsToStreamingContentLibrary,1,Cash
353,PaymentsForProceedsFromRemovalCosts,1,Cash
354,IncreaseDecreaseinCustomerAdvancesAndBillingsInExcessOfCost,1,Cash
355,RepaymentsOfConvertibleDebt,1,Cash
356,IncreaseDecreaseInIncomeTaxes,1,Cash
357,ProceedsAndExcessTaxBenefitFromSharebasedCompensation,1,Cash
358,IncreaseDecreaseInPensionPlanObligations,1,Cash
359,IncreaseDecreaseInFinanceReceivables,1,Cash
360,IncreaseDecreaseInCustomerDeposits,1,Cash
361,BusinessCombinationStepAcquisitionEquityInterestInAcquireeRemeasurementGainOrLoss,1,Cash
362,DeferredIncomeTaxesAndTaxUncertaintiesOperatingActivities,1,Cash
363,ExplorationAbandonmentsExpenseIncludingDryHoles,1,Cash
364,IncreaseDecreaseInOperatingLiabilities,1,Cash
365,IncreaseDecreaseInTravelersChequesOutstanding,1,Cash
366,AvailableForSaleSecuritiesGrossRealizedGainLossNet,1,Cash
367,GainLossOnForeignCurrencyAndDerivativeContracts,1,Cash
368,PaymentsForAcquisitionsOfContentLibrary,1,Cash
369,IncreaseDecreaseInCustomerFinancing,1,Cash
370,PaymentsOfDepartmentOfJusticeAndSecuritiesAndExchangeCommissionSettlementAndIndemnity,1,Cash
371,ImpairmentOfIntangibleAssetsFinitelived,1,Cash
372,IncreaseDecreaseInRetirementObligationsAndOtherLiabilities,1,Cash
373,RestructuringCharges,1,Cash
374,IncreaseDecreaseInMarginReceivables,1,Cash
375,ChangeInStreamingContentLiabilities,1,Cash
376,ProvisionForTransactionAndLoanLosses,1,Cash
377,AmortizationOfContentLibrary,1,Cash
378,SalePurchasesOfMarketableSecuritiesAndInvestments,1,Cash
379,PaymentsOfContingentConsideration,1,Cash
380,RedevelopmentExpenditures,1,Cash
381,PaymentsForProceedsFromLoansAndLeases,1,Cash
382,IncreaseDecreaseInAccruedTaxesAndOtherCurrent,1,Cash
383,IncreaseDecreaseInRestrictedCashAndCashEquivalents,1,Cash
384,IncomeLossFromContinuingOperationsIncludingPortionAttributableToNoncontrollingInterest,1,Cash
385,PaymentsToAcquireOtherInvestments,1,Cash
386,PaymentsUnderPatentLicensingArrangement,1,Cash
387,IncreaseDecreaseInTradingSecurities,1,Cash
388,IncreaseDecreaseInOtherCurrentLiabilities,1,Cash
389,PaymentsToDevelopRealEstateAssets,1,Cash
390,IncreaseDecreaseInOtherNoncurrentAssetsAndLiabilitiesNet,1,Cash
391,ProceedsFromRepaymentsOfDebtMaturingInMoreThanThreeMonths,1,Cash
392,PaymentsToAcquireOtherRealEstate,1,Cash
393,AssetImpairmentGainOnSaleOfProductLineAndNetLossOnSaleDisposalOfAssets,1,Cash
394,ProceedsFromPrincipalRepaymentsOnLoansAndLeasesHeldForInvestment,1,Cash
395,RepaymentsOfCertificatesOfDeposit,1,Cash
396,ProceedsFromSaleOfRealEstate,1,Cash
397,PaymentsForFederalHomeLoanBankAdvances,1,Cash
398,ProceedsFromRepaymentsOfCommercialPaper,1,Cash
399,PaymentsToAcquireBusinessesAndInterestInAffiliates,1,Cash
400,EmployeeTaxesShareBasedCompensationArrangements,1,Cash
401,InterestPaidCapitalized,1,Cash
402,IncreaseDecreaseInDebtExchange,1,Cash
403,EnvironmentalExpenseAndLiabilities,1,Cash
404,ProceedsFromMinorityShareholders,1,Cash
405,InvestmentsInLoansReceivableAndDirectFinancingLeases,1,Cash
406,NoncashOrPartNoncashAcquisitionValueOfAssetsAcquired1,1,Cash
407,ProceedsFromConvertibleDebt,1,Cash
408,PaymentsToAcquireOtherPropertyPlantAndEquipment,1,Cash
409,IncreaseDecreaseInInterestPayableNet,1,Cash
410,ProceedsFromSaleOfIntangibleAssets,1,Cash
411,RestructuringNetOfCash,1,Cash
412,StockOptionPlanExpense,1,Cash
413,ProceedsFromRepurchaseOfEquity,1,Cash
414,PaymentsForProceedsFromBusinessesAndInterestInAffiliates,1,Cash
415,IncreaseDecreaseInIncomeTaxesPayableNetOfIncomeTaxesReceivable,1,Cash
416,ChangeInCashCollateralRestricted,1,Cash
417,ProceedsFromIssuanceOfWarrants,1,Cash
418,GoodwillAndIntangibleAssetImpairment,1,Cash